<beans xmlns="http://www.springframework.org/schema/beans"
    xmlns:mvc="http://www.springframework.org/schema/mvc"
	xmlns:context="http://www.springframework.org/schema/context"
	xmlns:xsi="http://www.w3.org/2001/XMLSchema-instance"
	xsi:schemaLocation="
        http://www.springframework.org/schema/beans     
        http://www.springframework.org/schema/beans/spring-beans.xsd
        http://www.springframework.org/schema/mvc 
        http://www.springframework.org/schema/mvc/spring-mvc.xsd
        http://www.springframework.org/schema/context 
        http://www.springframework.org/schema/context/spring-context.xsd">

    <context:component-scan base-package="com.fashion.controller" />
    <mvc:resources mapping="/resources/**" location="/resources/"  
	cache-period="31556926"/>

    <mvc:annotation-driven />
   

    <bean
	class="org.springframework.web.servlet.view.InternalResourceViewResolver">
	<property name="prefix">
		<value>/WEB-INF/views/</value>
	</property>
	<property name="suffix">
		<value>.jsp</value>
	</property>
    </bean>

    
	
</beans>